{
	"class_name" : "PinholeCameraParameters",
	"extrinsic" : 
	[
		0.95615351779596858,
		-0.21724516460077881,
		-0.19640516506440209,
		0.0,
		0.081875746323871984,
		-0.44560346745141188,
		0.89147849775481836,
		0.0,
		-0.28118821556086498,
		-0.86847112113924618,
		-0.40827821295880767,
		0.0,
		-1.741303161885368,
		1.6058123141888747,
		4.5137799570973138,
		1.0
	],
	"intrinsic" : 
	{
		"height" : 1080,
		"intrinsic_matrix" : 
		[
			935.30743608719376,
			0.0,
			0.0,
			0.0,
			935.30743608719376,
			0.0,
			959.5,
			539.5,
			1.0
		],
		"width" : 1920
	},
	"version_major" : 1,
	"version_minor" : 0
}